,team,data_driven_bias,matchday_0_rank_exp,matchday_0_rank_standard,matchday_1_rank_exp,matchday_1_rank_standard,matchday_2_rank_exp,matchday_2_rank_standard,matchday_3_rank_exp,matchday_3_rank_standard
0,Pacific FC,-0.199,0.21099418,1536.6534,0.28282420020053767,1549.1315957983177,0.38184293969693117,1566.3329126656374,,
1,Cavalry FC,-0.199,0.41922888,1572.8275,0.3372396423425245,1558.584526299354,0.3372396423425245,1558.584526299354,,
2,Atlético Ottawa,-0.199,0.17345631,1530.1324,0.24320853774195247,1542.2496503572354,0.24320853774195247,1542.2496503572354,,
3,Vancouver FC,-0.199,-0.69388634,1379.4596,-0.38523912326834897,1433.0771098205237,-0.1960665426118234,1465.9397529831344,,
4,HFX Wanderers,-0.199,0.04791876,1508.3243,-0.023911260200537694,1495.8461886558214,-0.21308384085706325,1462.9835454932106,,
5,Valour FC,-0.199,-0.13959774,1475.7494,-0.4482449567316511,1422.1318755001928,-0.5472636962280446,1404.930558632873,,
6,Forge FC,-0.199,0.3463561,1560.1682,0.4283453376574755,1574.4112065974507,,,,
7,York9 FC,-0.199,-0.038911637,1493.2404,-0.10866386474195247,1481.1231532641154,,,,
8,FC Edmonton,-0.199,-0.49598125,1413.8392,,,,,,
