,team,data_driven_bias,matchday_0_rank_exp,matchday_0_rank_standard,matchday_1_rank_exp,matchday_1_rank_standard,matchday_2_rank_exp,matchday_2_rank_standard,matchday_3_rank_exp,matchday_3_rank_standard,matchday_4_rank_exp,matchday_4_rank_standard,matchday_5_rank_exp,matchday_5_rank_standard,matchday_6_rank_exp,matchday_6_rank_standard
0,Forge FC,0.197217951419153,0.29540238,1551.3167,0.3781153385943606,1565.685362029804,0.5942964583840894,1603.2398689963422,0.628568433081647,1609.1935207943732,0.628568433081647,1609.1935207943732,0.628568433081647,1609.1935207943732,,
1,Pacific FC,0.197217951419153,0.19882916,1534.5402,0.27015282143472574,1546.9303518478785,0.3647095196908456,1563.3565327597278,0.3647095196908456,1563.3565327597278,0.4811007768652156,1583.5757650527723,0.4811007768652156,1583.5757650527723,,
2,Atlético Ottawa,0.197217951419153,0.1772368,1530.7892,0.2439886658139378,1542.385172483972,0.2439886658139378,1542.385172483972,0.39406774051457727,1568.4565780806254,0.47222235120514466,1582.0334245439094,0.47222235120514466,1582.0334245439094,,
3,Cavalry FC,0.197217951419153,0.38309288,1566.55,0.30037992140563946,1552.1813369364006,0.30037992140563946,1552.1813369364006,0.30037992140563946,1552.1813369364006,0.3951882409260101,1568.6512289388877,0.3951882409260101,1568.6512289388877,,
4,York9 FC,0.197217951419153,-0.10898913,1481.0667,-0.17574099581393782,1469.4706621095297,-0.39192211560366663,1431.9161551429918,-0.13476278333269914,1476.5893067330742,-0.25115404050706913,1456.3700744400296,-0.13342174652033614,1476.8222686881295,,
5,HFX Wanderers,0.197217951419153,0.022001324,1503.822,-0.04932233743472572,1491.4318324070114,-0.2399888806046384,1458.3096613741068,-0.39006795530527794,1432.2382557774533,-0.39006795530527794,1432.2382557774533,-0.39006795530527794,1432.2382557774533,,
6,Vancouver FC,0.197217951419153,-0.7286128,1373.427,-0.42606712494783355,1425.9845594859091,-0.23540058177792086,1459.1067305188135,-0.4925599140488883,1414.433578928731,-0.5873682335692589,1397.9636869262442,-0.5873682335692589,1397.9636869262442,,
7,Valour FC,0.197217951419153,-0.22388439,1461.1073,-0.5264300650521664,1408.5497310559497,-0.6209867633082862,1392.1235501441001,-0.6552587380058438,1386.1698983460694,-0.7334133486964112,1372.5930518827852,-0.8511456426831442,1352.1408576346855,,
8,FC Edmonton,0.197217951419153,-0.694634,1379.3297,,,,,,,,,,,,
